facilityID,inputGradeId,outputGradeId,massBalanceFactor
pF_020,brown,green,0.170
pF_020,color,brown,0.100
pF_020,color,green,0.900
pF_020,green,green,1.000
pF_020,mixed,green,1.000
pF_020,clear,green,0.080
pF_020,clear,clear,0.920
pF_004,brown,brown,0.830
pF_004,brown,green,0.170
pF_004,color,brown,0.100
pF_004,color,green,0.900
pF_004,green,green,1.000
pF_004,mixed,green,1.000
pF_004,clear,green,0.080
pF_004,clear,clear,0.920
pF_025,brown,brown,0.830
pF_025,brown,green,0.170
pF_025,color,brown,0.100
pF_025,color,green,0.900
pF_025,green,green,1.000
pF_025,mixed,green,1.000
pF_025,clear,green,0.080
pF_025,clear,clear,0.920
pF_009,brown,brown,0.830
pF_009,brown,green,0.170
pF_009,color,brown,0.100
pF_009,color,green,0.900
pF_009,green,green,1.000
pF_009,mixed,green,1.000
pF_009,clear,green,0.080
pF_009,clear,clear,0.920
pF_003,brown,brown,0.830
pF_003,brown,green,0.170
pF_003,color,brown,0.100
pF_003,color,green,0.900
pF_003,green,green,1.000
pF_003,mixed,green,1.000
pF_003,clear,green,0.080
pF_003,clear,clear,0.920
pF_010,brown,brown,0.830
pF_010,brown,green,0.170
pF_010,color,brown,0.100
pF_010,color,green,0.900
pF_010,green,green,1.000
pF_010,mixed,green,1.000
pF_010,clear,green,0.080
pF_010,clear,clear,0.920
pF_035,brown,brown,0.830
pF_035,brown,green,0.170
pF_035,color,brown,0.100
pF_035,color,green,0.900
pF_035,green,green,1.000
pF_035,mixed,green,1.000
pF_035,clear,green,0.080
pF_035,clear,clear,0.920
pF_008,brown,brown,0.830
pF_008,brown,green,0.170
pF_008,color,brown,0.100
pF_008,color,green,0.900
pF_008,green,green,1.000
pF_008,mixed,green,1.000
pF_008,clear,green,0.080
pF_008,clear,clear,0.920
pF_011,brown,brown,0.830
pF_011,brown,green,0.170
pF_011,color,brown,0.100
pF_011,color,green,0.900
pF_011,green,green,1.000
pF_011,mixed,green,1.000
pF_011,clear,green,0.080
pF_011,clear,clear,0.920
pF_024,brown,brown,0.830
pF_024,brown,green,0.170
pF_024,color,brown,0.100
pF_024,color,green,0.900
pF_024,green,green,1.000
pF_024,mixed,green,1.000
pF_024,clear,green,0.080
pF_024,clear,clear,0.920
pF_002,brown,brown,0.830
pF_002,brown,green,0.170
pF_002,color,brown,0.100
pF_002,color,green,0.900
pF_002,green,green,1.000
pF_002,mixed,green,1.000
pF_002,clear,green,0.080
pF_002,clear,clear,0.920
pF_001,brown,brown,0.830
pF_001,brown,green,0.170
pF_001,color,brown,0.100
pF_001,color,green,0.900
pF_001,green,green,1.000
pF_001,mixed,green,1.000
pF_001,clear,green,0.080
pF_001,clear,clear,0.920
pF_007,brown,brown,0.830
pF_007,brown,green,0.170
pF_007,color,brown,0.100
pF_007,color,green,0.900
pF_007,green,green,1.000
pF_007,mixed,green,1.000
pF_007,clear,green,0.080
pF_007,clear,clear,0.920
pF_013,brown,brown,0.830
pF_013,brown,green,0.170
pF_013,color,brown,0.100
pF_013,color,green,0.900
pF_013,green,green,1.000
pF_013,mixed,green,1.000
pF_013,clear,green,0.080
pF_013,clear,clear,0.920
pF_017,brown,brown,0.830
pF_017,brown,green,0.170
pF_017,color,brown,0.100
pF_017,color,green,0.900
pF_017,green,green,1.000
pF_017,mixed,green,1.000
pF_017,clear,green,0.080
pF_017,clear,clear,0.920
pF_026,brown,brown,0.830
pF_026,brown,green,0.170
pF_026,color,brown,0.100
pF_026,color,green,0.900
pF_026,green,green,1.000
pF_026,mixed,green,1.000
pF_026,clear,green,0.080
pF_026,clear,clear,0.920
pF_027,brown,brown,0.830
pF_027,brown,green,0.170
pF_027,color,brown,0.100
pF_027,color,green,0.900
pF_027,green,green,1.000
pF_027,mixed,green,1.000
pF_027,clear,green,0.080
pF_027,clear,clear,0.920
pF_023,brown,brown,0.830
pF_023,brown,green,0.170
pF_023,color,brown,0.100
pF_023,color,green,0.900
pF_023,green,green,1.000
pF_023,mixed,green,1.000
pF_023,clear,green,0.080
pF_023,clear,clear,0.920
pF_015,brown,brown,0.830
pF_015,brown,green,0.170
pF_015,color,brown,0.100
pF_015,color,green,0.900
pF_015,green,green,1.000
pF_015,mixed,green,1.000
pF_015,clear,green,0.080
pF_015,clear,clear,0.920
pF_034,brown,brown,0.830
pF_034,brown,green,0.170
pF_034,color,brown,0.100
pF_034,color,green,0.900
pF_034,green,green,1.000
pF_034,mixed,green,1.000
pF_034,clear,green,0.080
pF_034,clear,clear,0.920
pF_022,brown,brown,0.830
pF_022,brown,green,0.170
pF_022,color,brown,0.100
pF_022,color,green,0.900
pF_022,green,green,1.000
pF_022,mixed,green,1.000
pF_022,clear,green,0.080
pF_022,clear,clear,0.920
pF_019,brown,brown,0.830
pF_019,brown,green,0.170
pF_019,color,brown,0.100
pF_019,color,green,0.900
pF_019,green,green,1.000
pF_019,mixed,green,1.000
pF_019,clear,green,0.080
pF_019,clear,clear,0.920
pF_005,brown,brown,0.830
pF_005,brown,green,0.170
pF_005,color,brown,0.100
pF_005,color,green,0.900
pF_005,green,green,1.000
pF_005,mixed,green,1.000
pF_005,clear,green,0.080
pF_005,clear,clear,0.920
pF_021,brown,brown,0.830
pF_021,brown,green,0.170
pF_021,color,brown,0.100
pF_021,color,green,0.900
pF_021,green,green,1.000
pF_021,mixed,green,1.000
pF_021,clear,green,0.080
pF_021,clear,clear,0.920
pF_018,brown,brown,0.830
pF_018,brown,green,0.170
pF_018,color,brown,0.100
pF_018,color,green,0.900
pF_018,green,green,1.000
pF_018,mixed,green,1.000
pF_018,clear,green,0.080
pF_018,clear,clear,0.920
pF_006,brown,brown,0.830
pF_006,brown,green,0.170
pF_006,color,brown,0.100
pF_006,color,green,0.900
pF_006,green,green,1.000
pF_006,mixed,green,1.000
pF_006,clear,green,0.080
pF_006,clear,clear,0.920
pF_029,brown,brown,0.830
pF_029,brown,green,0.170
pF_029,color,brown,0.100
pF_029,color,green,0.900
pF_029,green,green,1.000
pF_029,mixed,green,1.000
pF_029,clear,green,0.080
pF_029,clear,clear,0.920
pF_012,brown,brown,0.830
pF_012,brown,green,0.170
pF_012,color,brown,0.100
pF_012,color,green,0.900
pF_012,green,green,1.000
pF_012,mixed,green,1.000
pF_012,clear,green,0.080
pF_012,clear,clear,0.920
pF_014,brown,brown,0.830
pF_014,brown,green,0.170
pF_014,color,brown,0.100
pF_014,color,green,0.900
pF_014,green,green,1.000
pF_014,mixed,green,1.000
pF_014,clear,green,0.080
pF_014,clear,clear,0.920
pF_031,brown,brown,0.830
pF_031,brown,green,0.170
pF_031,color,brown,0.100
pF_031,color,green,0.900
pF_031,green,green,1.000
pF_031,mixed,green,1.000
pF_031,clear,green,0.080
pF_031,clear,clear,0.920
pF_032,brown,brown,0.830
pF_032,brown,green,0.170
pF_032,color,brown,0.100
pF_032,color,green,0.900
pF_032,green,green,1.000
pF_032,mixed,green,1.000
pF_032,clear,green,0.080
pF_032,clear,clear,0.920
pF_033,brown,brown,0.830
pF_033,brown,green,0.170
pF_033,color,brown,0.100
pF_033,color,green,0.900
pF_033,green,green,1.000
pF_033,mixed,green,1.000
pF_033,clear,green,0.080
pF_033,clear,clear,0.920
pF_037,brown,brown,0.830
pF_037,brown,green,0.170
pF_037,color,brown,0.100
pF_037,color,green,0.900
pF_037,green,green,1.000
pF_037,mixed,green,1.000
pF_037,clear,green,0.080
pF_037,clear,clear,0.920
pF_030,brown,brown,0.830
pF_030,brown,green,0.170
pF_030,color,brown,0.100
pF_030,color,green,0.900
pF_030,green,green,1.000
pF_030,mixed,green,1.000
pF_030,clear,green,0.080
pF_030,clear,clear,0.920
pF_016,brown,brown,0.830
pF_016,brown,green,0.170
pF_016,color,brown,0.100
pF_016,color,green,0.900
pF_016,green,green,1.000
pF_016,mixed,green,1.000
pF_016,clear,green,0.080
pF_016,clear,clear,0.920
pF_028,brown,brown,0.830
pF_028,brown,green,0.170
pF_028,color,brown,0.100
pF_028,color,green,0.900
pF_028,green,green,1.000
pF_028,mixed,green,1.000
pF_028,clear,green,0.080
pF_028,clear,clear,0.920
pF_036,brown,brown,0.830
pF_036,brown,green,0.170
pF_036,color,brown,0.100
pF_036,color,green,0.900
pF_036,green,green,1.000
pF_036,mixed,green,1.000
pF_036,clear,green,0.080
pF_036,clear,clear,0.920
pF_020,brown,brown,0.830
